{"cameraMode":{"drawMode":0,"name":"Shaded","section":"Shading Mode"},"sceneLighting":false,"audioPlay":false,"sceneViewState":{"m_AlwaysRefresh":false,"showFog":true,"showSkybox":false,"showFlares":true,"showImageEffects":true,"showParticleSystems":true,"showVisualEffectGraphs":true,"m_FxEnabled":true},"in2DMode":false,"pivot":{"x":0.8976148366928101,"y":0.24158555269241334,"z":1.1215438842773438},"rotation":{"x":0.0701233372092247,"y":0.0950181633234024,"z":-0.006700641475617886,"w":0.992993950843811},"size":2.8382346630096437,"orthographic":false}