{"cameraMode":{"drawMode":0,"name":"Shaded","section":"Shading Mode"},"sceneLighting":false,"audioPlay":false,"sceneViewState":{"m_AlwaysRefresh":false,"showFog":true,"showSkybox":false,"showFlares":true,"showImageEffects":true,"showParticleSystems":true,"showVisualEffectGraphs":true,"m_FxEnabled":true},"in2DMode":false,"pivot":{"x":3.3987839221954347,"y":-0.9498023390769959,"z":0.4534859359264374},"rotation":{"x":0.16755537688732148,"y":0.7072505354881287,"z":-0.17873504757881165,"w":0.6632214188575745},"size":4.562228679656982,"orthographic":false}