{"cameraMode":{"drawMode":0,"name":"Shaded","section":"Shading Mode"},"sceneLighting":false,"audioPlay":false,"sceneViewState":{"m_AlwaysRefresh":false,"showFog":true,"showSkybox":false,"showFlares":true,"showImageEffects":true,"showParticleSystems":true,"showVisualEffectGraphs":true,"m_FxEnabled":true},"in2DMode":false,"pivot":{"x":0.3141566514968872,"y":5.08648681640625,"z":3.7253761291503908},"rotation":{"x":-0.03359468653798103,"y":0.9521589875221252,"z":-0.28206363320350649,"w":-0.11340686678886414},"size":0.8660253882408142,"orthographic":false}