{"cameraMode":{"drawMode":0,"name":"Shaded","section":"Shading Mode"},"sceneLighting":false,"audioPlay":false,"sceneViewState":{"m_AlwaysRefresh":false,"showFog":true,"showSkybox":false,"showFlares":true,"showImageEffects":true,"showParticleSystems":true,"showVisualEffectGraphs":true,"m_FxEnabled":true},"in2DMode":false,"pivot":{"x":0.2217201590538025,"y":-0.16819238662719727,"z":-0.1399659514427185},"rotation":{"x":0.14143703877925874,"y":0.8553804755210877,"z":-0.31032148003578188,"w":0.3900091052055359},"size":0.8660253882408142,"orthographic":false}