{"cameraMode":{"drawMode":0,"name":"Shaded","section":"Shading Mode"},"sceneLighting":false,"audioPlay":false,"sceneViewState":{"m_AlwaysRefresh":false,"showFog":true,"showSkybox":false,"showFlares":true,"showImageEffects":true,"showParticleSystems":true,"showVisualEffectGraphs":true,"m_FxEnabled":true},"in2DMode":false,"pivot":{"x":3.448768377304077,"y":2.369938850402832,"z":5.048274040222168},"rotation":{"x":-0.02580188773572445,"y":0.020088786259293557,"z":-0.0005232079420238733,"w":-0.9994890689849854},"size":6.928203105926514,"orthographic":false}